LandProvince;SeaZone;x;y
duntobor;west_panorian_coast;6252;7943;x
jegathrn;east_panorian_coast;6687;7969;x
tauk_u;northwest_emean_shore;11305;7968;x
anti;northern_coast;8576;7963;x
nansung;northeast_emean_shore;11398;7923;x
unnamed_location_164;vul_coast;13893;7929;x
unnamed_location_109;northern_thark_coast;13529;7880;x
stosak;east_panorian_coast;6671;7901;x
sushen;rift_sea;8615;7896;x
ngwedaut;northwest_emean_shore;11282;7879;x
iime;sanukit_coast;9657;7857;x
rukpakur;northwest_emean_shore;10758;7881;x
wakkakur;northwest_emean_shore;10831;7886;x
mogadon;northeast_emean_shore;11482;7875;x
stone_fjords;west_panorian_coast;6331;7888;x
tsooba;rift_sea;8591;7897;x
rokunkur;northwest_emean_shore;10920;7878;x
madapyaw;northeast_emean_shore;11448;7877;x
unnamed_location_163;vul_coast;13953;7857;x
mintat;northwest_emean_shore;10686;7858;x
iqin;rift_sea;8586;7859;x
grasshill;south_panorian_sea;6645;7817;x
halfhill;west_panorian_coast;6389;7853;x
moorvilik;steringr_gulf;8642;7862;x
ummo;northwest_emean_shore;11032;7852;x
pinnituq;steringr_gulf;8659;7827;x
pawlangin;northeast_emean_shore;11521;7842;x
isle_of_bone;east_panorian_coast;6747;7837;x
apadudaw;northwest_emean_shore;11254;7829;x
aan;gulf_of_ice;9074;7801;x
unnamed_location_110;northern_thark_coast;13507;7794;x
hurakur;northwest_emean_shore;11107;7820;x
taliq;gulf_of_ice;9036;7786;x
yedr;west_panorian_coast;6400;7799;x
unnamed_location_162;vul_coast;13987;7788;x
paykamuy;northwest_emean_shore;10632;7808;x
cipyarpor;northwest_emean_shore;11209;7808;x
altaram;south_panorian_sea;6614;7787;x
issoh;miqur_coast;9554;7792;x
cikunkur;northwest_emean_shore;11164;7807;x
ipikhasaa;steringr_gulf;8639;7781;x
tueby;rift_sea;8532;7795;x
unnamed_location_161;vul_coast;14051;7746;x
snowport;bay_of_seals;9276;7782;x
sealshore;bay_of_seals;9288;7785;x
hmosi;northeast_emean_shore;11635;7756;x
aqaslu;miqur_coast;9520;7778;x
fjordheim;coast_of_drengyr;8872;7781;x
iatuqu;bay_of_seals;9295;7750;x
porri;bay_of_seals;9322;7769;x
leden;coast_of_drengyr;8870;7775;x
nuqun_isle;bay_of_seals;9283;7773;x
rukksland;coast_of_drengyr;8865;7765;x
saffenwighe;west_panorian_coast;6414;7726;x
usskot;bay_of_seals;9276;7746;x
saiilorqon;miqur_coast;9510;7759;x
basbergan;coast_of_drengyr;8866;7754;x
tulku;northern_sea_of_whales;9088;7725;x
hamkep;upper_mountain_coast;10633;7722;x
kepwud;south_panorian_sea;6554;7743;x
otalar;coast_of_drengyr;8850;7707;x
maaq;miqur_coast;9487;7705;x
upper_iron_isles;west_iron_sea;7010;7733;x
qosskot;bay_of_seals;9237;7729;x
north_varga;southern_rift_sea;8354;7726;x
tiggak;coast_of_drengyr;8952;7699;x
seahome;coast_of_drengyr;8876;7718;x
tavehk;west_briivan_sea;7960;7736;x
svaldran;strait_of_bjorlan;8678;7724;x
east_briihk;east_briivan_sea;7998;7719;x
uvondrait;south_panorian_sea;6514;7703;x
konsait;bay_of_seals;9321;7712;x
tvar;coast_of_drengyr;8833;7695;x
west_briihk;west_briivan_sea;7923;7718;x
southern_alrik;thuden_coast;8491;7705;x
gulraz;upper_black_coast;7627;7711;x
salkwen;northeast_emean_shore;11778;7701;x
pamiiu;northern_sea_of_whales;9133;7715;x
solven;coast_of_drengyr;8891;7706;x
helsing;coast_of_drengyr;8914;7705;x
haaqland;northern_sea_of_whales;9168;7714;x
thabinton;northeast_emean_shore;11704;7699;x
kifra;west_iron_sea;6973;7689;x
nashagraz;west_iron_sea;7007;7704;x
reykjaby;skallor_sea;8742;7682;x
orvik;skallor_sea;8776;7686;x
unnamed_location_115;northern_thark_coast;13564;7667;x
kashdremul;tonchad_coast;7797;7683;x
ijaran;coast_of_drengyr;8811;7683;x
kollnavi;miqur_coast;9396;7688;x
kewnupe;upper_mountain_coast;10688;7674;x
illuin;isschan_sea;8232;7660;x
ketag;black_gulf;7644;7684;x
yutepa;black_gulf;7688;7683;x
blackcliff;lower_black_coast;7579;7662;x
teu_pot;crystal_sea;8168;7686;x
tyrven_bor;west_panorian_coast;6451;7670;x
laulau;northeast_emean_shore;11799;7659;x
south_varga;thuden_coast;8390;7663;x
odd_isle;vehk_gully;7922;7672;x
akkuma;black_gulf;7734;7670;x
jorekkr;thuden_coast;8511;7664;x
unnamed_location_160;vul_coast;14065;7653;x
lower_iron_isles;south_iron_sea;7027;7648;x
bjorlan;strait_of_bjorlan;8591;7660;x
jephar;tosshen_pass;8156;7638;x
tertepa;tonchad_coast;7819;7651;x
teu_aper;isschan_sea;8251;7651;x
yinegyun;battered_coast;11906;7620;x
orbonfell;strait_of_bjorlan;8646;7654;x
neifland;thuden_coast;8478;7646;x
sjaldan;strait_of_bjorlan;8552;7651;x
issholas;isschan_sea;8220;7634;x
mosgha;lower_black_coast;7547;7634;x
yakur;upper_mountain_coast;10705;7616;x
bruvek;vehk_gully;7864;7637;x
hodla;vehk_gully;7901;7640;x
nanper_coast;isschan_sea;8268;7618;x
borelia;north_varsk_sea;8969;7612;x
rehk;gors_coast;7947;7629;x
pilssh;tosshen_pass;8152;7621;x
northpearl;north_varsk_sea;8818;7604;x
frys;thuden_coast;8361;7627;x
sona;thuden_coast;8441;7625;x
skallor;skallor_sea;8693;7599;x
tear;tosshen_pass;8128;7609;x
unnamed_location_116;northern_thark_coast;13574;7589;x
coldhearth;north_varsk_sea;8899;7609;x
unnamed_location_159;vul_coast;14130;7565;x
roslagn;thuden_coast;8391;7621;x
scarred_shore;gors_coast;7989;7619;x
solper;thuden_coast;8342;7617;x
crystal;isschan_sea;8201;7600;x
teu_nen;glacial_sea;8060;7611;x
paldar;isschan_sea;8243;7603;x
njarla;thuden_coast;8410;7612;x
dshuvulborg;lower_black_coast;7490;7593;x
azqer_isles;north_varsk_sea;8966;7590;x
ulda;tosshen_pass;8131;7600;x
uviels_shore;isschan_sea;8295;7602;x
highstar;north_varsk_sea;8883;7586;x
south_poldam;glacier_strait;8174;7561;x
rakur;upper_mountain_coast;10729;7552;x
lofta_isle;north_varsk_sea;8844;7580;x
montau;battered_coast;11944;7568;x
sotvin;paldan_strait;8224;7561;x
pulasper;glacier_strait;8155;7556;x
southshore;north_varsk_sea;8907;7555;x
logunar;skallor_sea;8674;7565;x
muryat;azar_coast;7462;7538;x
kilhorn;skallor_sea;8758;7555;x
unnamed_location_119;northern_thark_coast;13614;7514;x
emtar;paldan_strait;8214;7536;x
reyknor;skallor_sea;8714;7535;x
east_hallsey;south_varsk_sea;8814;7521;x
lisspa;glacier_strait;8165;7528;x
varhall;storming_sea;8656;7514;x
bernstone;north_rekkryan_coast;8524;7522;x
lindby;north_rekkryan_coast;8559;7538;x
uqaruq;north_varsk_sea;8878;7539;x
chauy;battered_coast;12012;7522;x
storms_point;storming_sea;8603;7509;x
west_hallsey;skallor_sea;8735;7518;x
bone_coast;north_rekkryan_coast;8497;7507;x
milak;azar_coast;7436;7515;x
drengey;southern_sea_of_whales;9091;7504;x
asshen;ice_river_bay;8229;7498;x
nakaito;upper_mountain_coast;10729;7493;x
shest;ice_river_bay;8195;7509;x
hallenheim;south_varsk_sea;8801;7490;x
unnamed_location_158;vul_coast;14146;7429;x
selluin;ice_river_bay;8226;7496;x
boldhar;azar_coast;7408;7485;x
ulurskellnyr;south_varsk_sea;8742;7476;x
northel;north_rekkryan_coast;8468;7475;x
eper;white_lake;8300;7487;x
ice_river;white_lake;8291;7484;x
kawtamu;battered_coast;12017;7433;x
unnamed_location_129;northern_thark_coast;13618;7442;x
yjoll_isles;storming_sea;8668;7462;x
lorvik;south_varsk_sea;8769;7456;x
dernehborg;azar_coast;7412;7449;x
torvas;north_rekkryan_coast;8446;7448;x
selke;south_varsk_sea;8723;7449;x
uthrenland;storming_sea;8702;7426;x
varun;south_varsk_sea;8764;7426;x
kiirogh;tagad_coast;7369;7410;x
rasland;south_rekkyran_coast;8443;7416;x
serpent_isle;skaborjum_sea;8542;7417;x
ichi;mountain_coast;10776;7412;x
kyato_u;battered_coast;11941;7375;x
unnamed_location_128;southern_thark_coast;13692;7375;x
northeim;tjalle_sea;8737;7397;x
mudrson_isle;south_rekkyran_coast;8449;7395;x
tormund;south_rekkyran_coast;8433;7385;x
host;skaborjum_sea;8703;7391;x
unnamed_location_155;vul_coast;14122;7359;x
mraayan;battered_coast;11880;7358;x
nishi;mountain_coast;10782;7359;x
unnamed_location_127;southern_thark_coast;13722;7325;x
big_rock;skaborjum_sea;8644;7357;x
seastone;skaborjum_sea;8697;7365;x
obiyon;tagad_coast;7373;7357;x
shandalai;battered_coast;12142;7372;x
hjalvheim;south_rekkyran_coast;8446;7349;x
kensu;battered_coast;12252;7357;x
skerten;skaborjum_sea;8606;7347;x
nufhjav;skaborjum_sea;8577;7344;x
pya_u;battered_coast;12025;7336;x
malkast;skaborjum_sea;8559;7344;x
salingwe;battered_coast;12328;7325;x
little_rock;south_rekkyran_coast;8507;7336;x
iskafjord;skaborjum_sea;8638;7337;x
amata;mountain_coast;10793;7295;x
hreimgild;eirmunds_pass;9106;7334;x
kynshelm;tjalle_sea;8785;7323;x
damant;tagad_coast;7374;7328;x
dagholm;jarlgraf_bay;8442;7296;x
milvrik;the_blue_bay;9054;7293;x
seraz;shield_channel;7346;7304;x
merstrond;south_rekkyran_coast;8513;7308;x
kyak;battered_coast;11867;7295;x
ysa;skaborjum_sea;8663;7308;x
sundborg;tjalle_sea;8726;7308;x
enoc_torse;saelic_coast;8956;7305;x
tanvik;tjalle_sea;8841;7307;x
riohme;saelic_coast;8884;7292;x
heterland;jarlgraf_bay;8469;7301;x
trejaslo;skaborjum_sea;8675;7303;x
hlorma;saelic_coast;8911;7292;x
unnamed_location_126;southern_thark_coast;13798;7254;x
kypaudu;battered_coast;12396;7291;x
lugd;fishlake;7657;7298;x
gildhaven;gildic_coast;9128;7275;x
thadon;battered_coast;11928;7279;x
murkta;fishlake;7643;7291;x
ata_ukash;fishlake;7666;7293;x
unnamed_location_154;southpoint_ridge;14129;7227;x
kuning;heron_lake;8750;7282;x
mountain_shore;fishlake;7657;7280;x
othenheim;tjalle_sea;8699;7291;x
shal_ragraz;shield_channel;7343;7257;x
altmund;jarlgraf_bay;8397;7280;x
selc_marsh;the_blue_bay;8991;7275;x
sulus;fishlake;7634;7279;x
jofur;jarlgraf_bay;8456;7265;x
duoloch_hills;whale_coast;9640;7282;x
whale_island;troubled_sea;9850;7275;x
dawlay;battered_coast;12536;7265;x
south_heron;heron_lake;8735;7275;x
kyentong;battered_coast;12456;7276;x
sturing;jarlgraf_bay;8387;7269;x
in_udny;south_fish_banks;9465;7263;x
karobu;mountain_coast;10805;7251;x
kingcahst;north_ywekan_sea;9685;7223;x
westoc;north_ywekan_sea;9615;7231;x
magthagaing;battered_coast;12630;7241;x
aer;gildic_coast;9139;7239;x
shores;the_blue_bay;9046;7242;x
sixja;jarlgraf_bay;8392;7246;x
diobhan;lake_seol;8940;7241;x
selse;the_blue_bay;9000;7246;x
teddek;shield_channel;7378;7254;x
navka;shield_channel;7415;7253;x
bishkol;shield_channel;7422;7234;x
nidrborg;shield_channel;7331;7247;x
shieldpeak;shield_channel;7386;7247;x
tagocs;lake_aglaug;8901;7249;x
keiarn_isles;north_ywekan_sea;9726;7228;x
karamin;shield_channel;7455;7245;x
uzgul;shield_channel;7461;7245;x
nashde;shield_channel;7439;7238;x
torben;jarlgraf_bay;8438;7239;x
ardenchills;north_ywekan_sea;9646;7233;x
trereborg;tredic_coast;7276;7210;x
taselc;the_blue_bay;9016;7231;x
unnamed_location_124;southern_thark_coast;13858;7209;x
forderen;jarlgraf_bay;8398;7228;x
inumayo;mountain_coast;10836;7193;x
occhol;orkal_straight;7353;7186;x
kyzd;shield_channel;7392;7229;x
neaendh;lake_seol;8936;7225;x
nukk;lake_seol;8977;7227;x
mundren;jarlgraf_bay;8409;7225;x
galmer;jarlgraf_bay;8423;7227;x
toudh_isles;north_ywekan_sea;9620;7208;x
abrunanach;lake_seol;8957;7221;x
unnamed_location_125;southern_thark_coast;13734;7200;x
morrows;gildic_coast;9123;7202;x
kojh_island;first_sea;9396;7196;x
unnamed_location_153;southpoint_ridge;14083;7166;x
ganara;gukar_gulf;7495;7200;x
adrak;gukar_gulf;7453;7196;x
myngok;western_emean_coast;12712;7155;x
unnamed_location_132;southern_thark_coast;13903;7187;x
kekbat;gukar_gulf;7529;7178;x
uvlord;orkal_straight;7397;7184;x
nashak;tredic_coast;7257;7172;x
unnamed_location_133;southern_thark_coast;13877;7149;x
aidken;orkal_straight;7315;7168;x
vul;black_coast;9134;7165;x
kilrock;south_ywekan_sea;9751;7116;x
jomi;gukar_gulf;7445;7171;x
first_isle;black_coast;9222;7164;x
unnamed_location_149;southpoint_ridge;14120;7110;x
gorsk;gukar_gulf;7557;7154;x
yatome;mountain_coast;10832;7147;x
grimshore;gukar_gulf;7490;7164;x
kutsasikhe;orkal_straight;7388;7157;x
dmoni;orkal_straight;7285;7136;x
ilkshire;black_coast;9147;7139;x
dushtsaq;orkal_straight;7342;7147;x
jeomarn;gukar_gulf;7510;7125;x
umludened;gukar_gulf;7560;7114;x
yanyeii;western_emean_coast;12648;7101;x
oberton_isles;rockpoints;9934;7112;x
unnamed_location_134;southern_thark_coast;13849;7104;x
northmouth;black_bay;9138;7096;x
daiju;mountain_coast;10821;7084;x
chisa;gukar_gulf;7542;7103;x
iravi;goblin_cape;7234;7106;x
unnamed_location_151;southpoint_ridge;14069;7076;x
dati;goblin_cape;7196;7091;x
khash;gukar_gulf;7542;7086;x
darshire;north_bottean;9541;7085;x
calestone;black_bay;9085;7084;x
breakers_point;bay_of_botte;9615;7036;x
yorwikke;black_bay;9071;7061;x
onvili;goblin_cape;7175;7072;x
upper_mei;western_emean_coast;12654;7020;x
kopper_hills;ijeals_channel;9467;7046;x
waterpoint;shekhaji_coast;7145;7043;x
eldershire;black_bay;9139;7059;x
unnamed_location_135;southern_thark_coast;13859;7040;x
blackhorse;black_bay;9069;7039;x
unnamed_location_150;southpoint_ridge;14053;7000;x
unnamed_location_148;southpoint_ridge;14130;7018;x
cottleshores;black_bay;9096;7033;x
bucheon;lower_mountain_coast;10822;7015;x
doak;bay_of_botte;9574;7017;x
fishpoint;cape_of_the_old_rock;9274;7024;x
ywellke;bay_of_botte;9558;7014;x
tsbani;shekhaji_coast;7141;7014;x
corath;ijeals_channel;9321;7005;x
unnamed_location_136;southern_thark_coast;13871;6998;x
rocks_above;south_bottean;9510;6979;x
traitors_isle;ragged_coast;9992;6968;x
cegwend;briltan_coast;9151;6991;x
keymartin;south_ywekan_sea;9808;6996;x
gowon;lower_mountain_coast;10875;6992;x
bleakpoint;dranic_coast;7161;6983;x
edinsbern;gull_sea;9278;6957;x
cheonju;lower_mountain_coast;10933;6954;x
yoren;lake_oren;9038;6977;x
eastbridge;lake_oren;9046;6966;x
unnamed_location_137;southern_thark_coast;13884;6964;x
unnamed_location_147;southpoint_ridge;14076;6944;x
fester;dranic_coast;7166;6950;x
west_oren;lake_oren;9016;6959;x
whitefield;briltan_coast;9145;6952;x
taungo;western_emean_coast;12629;6899;x
ulstanshire;south_bottean;9542;6952;x
unnamed_location_139;southern_thark_coast;13891;6873;x
unnamed_location_146;southpoint_ridge;14034;6869;x
newcorpse;bay_of_botte;9608;6932;x
poachers_isle;ragged_coast;9909;6924;x
orenheim;lake_oren;9040;6935;x
south_oren;lake_oren;9022;6939;x
myles;briltan_coast;9149;6924;x
westrim;dranic_coast;7174;6902;x
lagh_omhaill;ragged_sea;10018;6884;x
gimtaek;lower_mountain_coast;10910;6889;x
estshire;south_bottean;9541;6893;x
lagh_balan;ragged_coast;9961;6892;x
telgar;molten_lake;7292;6908;x
molt;molten_lake;7282;6905;x
southrocks;south_bottean;9587;6903;x
karkow;coast_of_avan;9121;6894;x
herring_isle;herring_sea;9788;6888;x
ras_tir;molten_lake;7290;6898;x
lower_telas;scraw_lake;7349;6893;x
balyndar;molten_lake;7286;6898;x
sabassa;scraw_lake;7345;6891;x
kelas_tell_vinir;scraw_lake;7380;6882;x
shank;scraw_lake;7376;6882;x
ballan;coast_of_avan;9104;6873;x
wyvern_harbour;north_dragons_coast;7202;6877;x
lagh_akrunac;rallands_water;9866;6845;x
ranrak;north_dragons_coast;7183;6857;x
solstire_end;coast_of_avan;9081;6867;x
shacktown;coast_of_avan;9089;6850;x
pyeonang;lower_mountain_coast;10866;6845;x
lagh_doubhanill;herring_sea;9781;6854;x
sinchon;silent_current;10319;6822;x
lower_mei;western_emean_coast;12575;6812;x
hellsand;north_dragons_coast;7191;6819;x
lindow;coast_of_avan;9097;6822;x
sihejeon;lower_mountain_coast;10815;6821;x
metalaver;north_dragons_coast;7233;6822;x
scorn;north_dragons_coast;7244;6812;x
drethen;varalin_lake;7397;6824;x
collara;varalin_lake;7403;6808;x
unnamed_location_141;southpoint_ridge;13988;6765;x
rudrin;varalin_lake;7390;6806;x
varavan;north_dragons_coast;7261;6812;x
lagh_tuo;uddon_sea;9808;6790;x
blackrose;varalin_lake;7400;6807;x
hampo;lower_mountain_coast;10643;6784;x
gyum_bera;north_dragons_coast;7234;6796;x
whelby;coast_of_avan;9112;6787;x
hallick_ralland;rallands_water;9955;6774;x
esmere;varalin_lake;7397;6787;x
zelen;lake_niev;8190;6782;x
daesan;lower_mountain_coast;10792;6738;x
tenyll;north_dragons_coast;7221;6771;x
coldshore;western_emean_coast;12591;6757;x
nievosov;lake_niev;8195;6758;x
hwaseng;lower_mountain_coast;10653;6736;x
debbes;coast_of_avan;9133;6755;x
hezhou;north_palatial_coast;11261;6758;x
anchuan;north_palatial_coast;11296;6753;x
akhtadza;south_dragons_coast;7253;6751;x
seojin;lower_mountain_coast;10976;6754;x
anyeoju;lower_mountain_coast;10933;6729;x
burning_shore;south_dragons_coast;7290;6749;x
kimchaen;north_palatial_coast;11217;6719;x
uva_shei;western_emean_coast;12702;6727;x
kapara;south_dragons_coast;7307;6744;x
gyum_yegh;south_dragons_coast;7296;6735;x
kanggok;lower_mountain_coast;10958;6707;x
zuxian;north_palatial_coast;11297;6684;x
unnamed_location_142;southpoint_ridge;13935;6696;x
trader_isles;west_trader_sea;9314;6715;x
unnamed_location_143;southern_thark_coast;13715;6691;x
dragonshore;south_dragons_coast;7275;6707;x
kalren;north_tradeshore;9112;6710;x
flagpeak;north_tradeshore;9097;6693;x
seosan;lower_mountain_coast;10856;6677;x
masjavan;south_dragons_coast;7244;6693;x
lower_lovash;south_dragons_coast;7270;6680;x
faction_point;north_tradeshore;9090;6682;x
tonsul;north_palatial_coast;11185;6663;x
perlton;north_tradeshore;9100;6667;x
as_zhei;western_emean_coast;12725;6622;x
andeon;lower_mountain_coast;11000;6642;x
arar_isthmus;straight_of_daggers;7240;6642;x
gyum_pash;straight_of_daggers;7226;6637;x
shijichun;north_palatial_coast;11346;6634;x
ember;ember_lake;7361;6651;x
sayel;north_tradeshore;9107;6641;x
unnamed_location_144;southern_thark_coast;13507;6585;x
cheongju;north_palatial_coast;11086;6637;x
gunam;north_palatial_coast;11138;6613;x
elvos;bluewaters;7335;6607;x
west_trinning;straight_of_daggers;7278;6623;x
pickets;north_tradeshore;9091;6624;x
taria;straight_of_daggers;7311;6624;x
under_pickets;north_tradeshore;9104;6619;x
fuxi;north_palatial_coast;11355;6564;x
east_trinning;bluewaters;7369;6590;x
shipwreck_archipelago;sea_of_shipwrecks;9318;6577;x
old_shaaz;south_tradeshore;9118;6591;x
aldor;lake_oden;8503;6592;x
dove_hills;lake_oden;8478;6581;x
northdocks;straight_of_daggers;7194;6582;x
almorr;bluewaters;7394;6580;x
wheldeross;south_tradeshore;9109;6569;x
kelpmarsh;bluewaters;7421;6575;x
unnamed_location_145;cape_of_recompense;13453;6527;x
seawatch;uldar_sea;7142;6554;x
tire;straight_of_daggers;7234;6569;x
ebbwater;bluewaters;7439;6569;x
negetta;lake_oden;8502;6558;x
farwind_isles;east_farwind_sea;9777;6542;x
auorside;lake_auor;8329;6552;x
uthin;straight_of_daggers;7264;6568;x
elvenwoods;lake_oden;8479;6551;x
tiowen;bluewaters;7301;6562;x
daira;misty_sea;7472;6553;x
moxan_vexis;western_emean_coast;12806;6536;x
muinste;bluewaters;7330;6560;x
belverdale;south_tradeshore;9096;6549;x
churuz;western_emean_coast;12744;6555;x
uwen;bluewaters;7355;6553;x
belsen;south_tradeshore;9132;6546;x
lhabei;north_palatial_coast;11398;6525;x
sinswain;bluewaters;7392;6543;x
cothhan;misty_sea;7501;6540;x
amere;uldar_sea;7126;6528;x
arrynal;south_tradeshore;9089;6529;x
north_reywith;misty_sea;7454;6501;x
gyrrmun;misty_sea;7529;6521;x
northern_islets;misty_sea;7503;6498;x
welding;south_tradeshore;9106;6514;x
pinzhuang;north_palatial_coast;11420;6499;x
udanhet;misty_sea;7557;6506;x
utfal;uldar_sea;7103;6501;x
westlake;emerald_lake;8409;6499;x
cliffers_rock;south_tradeshore;9131;6501;x
eleon;emerald_lake;8382;6497;x
ano_tux;western_emean_coast;12883;6488;x
garak_ja;sylten_coast;7571;6484;x
jaelis;sunrise_sea;7077;6470;x
gandalur;emerald_lake;8384;6476;x
great_bird_island;seagull_cape;9213;6476;x
milton_keyns;seagull_cape;9160;6466;x
yulin;north_palatial_coast;11431;6463;x
upper_peels;peel_sea;9369;6455;x
sapphire;sajental_sea;7516;6432;x
kaisil_coast;sajental_sea;7470;6430;x
shellfire;sylten_coast;7586;6459;x
threin;lake_divithne;8336;6457;x
bridgeport;sunrise_sea;7058;6440;x
sece;crescent_lake;7344;6448;x
seagull_harbour;seagull_cape;9148;6447;x
liuning;north_palatial_coast;11401;6430;x
sylt;sylten_coast;7599;6433;x
llandar;lake_divithne;8344;6435;x
gioze;cape_of_recompense;13007;6387;x
oakenrest;crescent_lake;7346;6429;x
vaalwood;lake_divithne;8334;6431;x
wheaton;seagull_cape;9138;6409;x
greysand;sunrise_sea;7039;6410;x
ul_sudd;sylten_coast;7589;6415;x
dreygoz;sajental_sea;7502;6402;x
kaitong;north_palatial_coast;11356;6394;x
lissht;sajental_sea;7445;6374;x
pearl;sylten_coast;7577;6395;x
jeii;lake_ija;7695;6403;x
jedei_purash;lake_ija;7710;6401;x
dawn;aethoin_sea;7017;6366;x
herstonshores;seagull_cape;9110;6381;x
lower_peels;oots_waters;9475;6374;x
gokun;lake_ija;7699;6392;x
changhou;north_palatial_coast;11294;6327;x
southern_islets;sajental_sea;7478;6359;x
vek_tanal;coast_of_gozma_deii;7576;6354;x
murlocke;murlocke_lake;8738;6354;x
tekkers_heights;seagull_cape;9196;6373;x
eastlocke;murlocke_lake;8785;6352;x
alas;aethoin_sea;7040;6338;x
gil_kal_kur;sajental_sea;7385;6341;x
kaaveling;coast_of_brongs;9133;6335;x
ithoduin;aethoin_sea;7006;6310;x
south_tekker;coast_of_brongs;9224;6293;x
deaths_grasp;ninth_bay;12792;6331;x
vek_farj;coast_of_gozma_deii;7573;6333;x
ano_bei;ninth_bay;12891;6293;x
gozma;coast_of_gozma_deii;7557;6325;x
five_towers;anowen_sea;6959;6308;x
lejtal;coast_of_gozma_deii;7518;6322;x
yesermin;gildur_narrows;7338;6311;x
searise_isle;anowen_sea;6929;6300;x
iraak;ninth_bay;12763;6242;x
nirnas;aethoin_sea;7069;6307;x
guangzho;north_palatial_coast;11321;6294;x
chambot;murlocke_lake;8806;6297;x
lakerest;murlocke_lake;8749;6303;x
othryss;coast_of_gozma_deii;7478;6302;x
southern_ellain;anowen_sea;6965;6269;x
schipje;coast_of_brongs;9155;6284;x
skaross;emean_gulf;12530;6280;x
east_skeletal_shore;emean_gulf;12616;6266;x
nur_falswe;gildur_narrows;7294;6278;x
valion;aethoin_sea;7103;6285;x
lakash;coast_of_gozma_deii;7442;6280;x
ukrath;emean_gulf;12270;6264;x
tyosse;murlocke_lake;8785;6264;x
leijang;north_palatial_coast;11298;6261;x
firegold;doth_pass;7171;6262;x
dafur;coast_of_gozma_deii;7422;6256;x
west_skeletal_shore;emean_gulf;12425;6235;x
southpeak;gildur_narrows;7256;6242;x
maocho;north_palatial_coast;11272;6223;x
arham;mitten_coast;9123;6237;x
kraun;emean_gulf;12246;6218;x
jumzi;emean_gulf;12300;6203;x
dothrin_coast;doth_pass;7214;6239;x
kurthic_shore;gildur_narrows;7373;6234;x
beer_hills;gulf_of_noth;9025;6242;x
kaperin;gulf_of_noth;9009;6234;x
glaswijk;gulf_of_noth;9059;6233;x
knights_landing;gulf_of_noth;8979;6231;x
suld_border;gildur_narrows;7319;6220;x
nothan;gulf_of_noth;8974;6211;x
north_kanata;doth_pass;7189;6205;x
hagana_coast;gildur_narrows;7280;6203;x
cliffpoint;gulf_of_noth;9038;6208;x
lamalie;gulf_of_noth;8989;6205;x
shoonwhe;gildur_narrows;7255;6192;x
outelles;mitten_coast;9123;6186;x
intermitte;mitten_coast;9179;6182;x
naarth;mitten_coast;9235;6186;x
surdoux;gulf_of_noth;9064;6177;x
hongua;north_palatial_coast;11323;6143;x
vihonorom;emean_gulf;12214;6155;x
upper_sprucewood;spruce_coast;9285;6154;x
ahse;sgaw_sea;7167;6115;x
macashan;north_palatial_coast;11384;6149;x
maoxong;north_palatial_coast;11443;6140;x
querrol;spruce_coast;9304;6109;x
sihanste;emean_gulf;12184;6080;x
sishing;north_palatial_coast;11455;6095;x
meaucy;sellaine_bay;9124;6111;x
sellaine;sellaine_bay;9083;6105;x
saire;sgaw_sea;7094;6105;x
overpool;sisters_channel;9189;6099;x
upper_sgaw;sgaw_sea;7192;6081;x
setcaire;sisters_channel;9216;6076;x
lessez_u_iht;spruce_lake;9272;6080;x
qorraine;sellaine_bay;9123;6066;x
thalie;sellaine_bay;9087;6068;x
sorraine;spruce_coast;9326;6078;x
mourdeaux;sisters_channel;9182;6063;x
foshomen;north_palatial_coast;11496;6028;x
este_dvir;emean_gulf;12185;6041;x
central_sgaw;sgaw_sea;7197;6035;x
seaview;seaview_cape;9323;6032;x
three_sisters;sisters_channel;9204;6042;x
orlone;sisters_channel;9230;6042;x
kampur_pur;emean_gulf;12131;6035;x
seanie;hammer_sound;9008;6055;x
umbridge;frell_strait;9052;6015;x
nightshore;hammer_sound;8961;6033;x
chboun;emean_gulf;12153;6022;x
botlorn;hammer_sound;8954;6016;x
ellerham;seaview_cape;9277;6010;x
chagow;north_palatial_coast;11563;5970;x
ilama_sgaru;peril_sea;7221;5954;x
kallok_and_perils;peril_sea;7135;5944;x
chait;emean_gulf;12139;5962;x
este_vilum;emean_gulf;12184;5962;x
frells_ring;frell_strait;9084;5989;x
greyport;hammer_sound;8961;5982;x
avieu;hammer_sound;9024;5972;x
aparesin;lorre_coast;9164;5954;x
este_prang;emean_gulf;12205;5957;x
knights_mouth;coast_of_dales;8969;5943;x
mor_fil_erriac;lorre_coast;9263;5938;x
elan_chambris;edess_lagoon;9084;5939;x
wehon;peril_sea;7251;5931;x
lorre;lorre_coast;9234;5929;x
heangrie;edess_lagoon;9070;5920;x
north_wild_lake;wild_lake;8489;5938;x
south_wild_lake;wild_lake;8506;5917;x
kampong;emean_gulf;12176;5916;x
kamlung;emean_gulf;12232;5904;x
essing;wild_lake;8473;5919;x
maeson;north_palatial_coast;11524;5914;x
north_zahlitz;zahlitz_lake;8707;5926;x
lower_aating;zahlitz_lake;8698;5927;x
senigal;elder_lake;9168;5911;x
erpfad;zahlitz_lake;8699;5922;x
krat;emean_gulf;12147;5894;x
euwex;coast_of_dales;8952;5902;x
south_zahlitz;zahlitz_lake;8704;5919;x
asheda;peril_sea;7251;5883;x
east_edess;edess_lagoon;9103;5889;x
longshore;elder_lake;9154;5876;x
lenns;elder_lake;9184;5894;x
tall_isle;upper_katlas;7014;5898;x
muang_rung;emean_gulf;12299;5877;x
mor_fil_ussauex;coast_of_dales;8981;5885;x
beuhvinne;coast_of_dales;9035;5869;x
pretchetabri;emean_gulf;12215;5896;x
kurn_and_solk;awk_sea;7081;5869;x
nong_suk;north_palatial_coast;11472;5852;x
nillland;coast_of_dales;8958;5866;x
kolochnach;elder_lake;9182;5855;x
arimire;coast_of_gales;9247;5858;x
firn;kestern_waters;7136;5845;x
dordranach;coast_of_yworr;9075;5811;x
vielle;coast_of_gales;9238;5834;x
three_moons;awk_sea;6982;5833;x
schrenstonn;tanne_bay;8946;5837;x
kampe_island;kampe_banks;6863;5828;x
gwageh;kestern_waters;7235;5824;x
shempet;kestern_waters;7186;5827;x
durnshore;tanne_bay;8939;5814;x
wiehen;kestern_waters;7118;5798;x
yeotown;coast_of_yworr;9113;5810;x
kho_khim;monkey_shores;12303;5753;x
korn_islets;awk_sea;7014;5801;x
chalas;south_palatial_coast;11417;5754;x
iwenwi;kestern_waters;7237;5781;x
gales;coast_of_gales;9213;5763;x
tanne_mouth;tanne_bay;8929;5793;x
fawlok;awk_sea;7040;5784;x
old_vielle;coast_of_yworr;9144;5767;x
stone_isle;tanne_bay;8959;5779;x
old_catter;tanne_bay;8946;5773;x
catter;redwayne_coast;8962;5743;x
furlow;kestern_waters;7134;5750;x
deyodoke;kestern_waters;7236;5740;x
wolfs_tail;little_wolf_lake;7468;5750;x
kiwa;little_wolf_lake;7490;5738;x
tenida;little_wolf_lake;7467;5724;x
ewl;katlas_sea;6926;5680;x
upper_winds;awk_sea;7032;5724;x
takak;little_wolf_lake;7523;5740;x
apio_sado;great_wolf_lake;7550;5691;x
iksoko;great_wolf_lake;7572;5730;x
wayne_coast;redwayne_coast;8950;5713;x
degan_coast;kestern_waters;7218;5707;x
htawa;little_wolf_lake;7488;5711;x
nitsino;great_wolf_lake;7593;5701;x
lower_winds;cape_of_the_western_wind;7069;5673;x
inata_sado;great_wolf_lake;7472;5654;x
kampung_poi;monkey_shores;12341;5648;x
tsia_sado;little_wolf_lake;7451;5698;x
avinor;redwayne_coast;8939;5683;x
buenthai;south_palatial_coast;11462;5659;x
nowistisi;great_wolf_lake;7606;5657;x
magohes;cape_of_the_western_wind;7167;5653;x
anipi;great_wolf_lake;7522;5674;x
redshore;redwayne_coast;8934;5651;x
peyakene;great_wolf_lake;7571;5653;x
nomar_keys;kawn_sea;7030;5618;x
nemesemeh;great_wolf_lake;7486;5645;x
kaganishwa;great_wolf_lake;7550;5626;x
nemaeyou;great_wolf_lake;7608;5628;x
wetasgoost;great_wolf_lake;7471;5626;x
sinakliit;lake_wouwaga;7445;5584;x
nonkok;south_palatial_coast;11505;5603;x
ilame_dega;aak_coast;7222;5606;x
averas;itiran_coast;8936;5619;x
shanti;great_wolf_lake;7587;5615;x
mercant_square;itiran_coast;8939;5607;x
wanipi;spring_lake;7550;5578;x
bataphoan;monkey_shores;12399;5578;x
iltierre;itiran_coast;8952;5593;x
kopi;aak_coast;7252;5559;x
mapo;lake_wouwaga;7423;5580;x
phitsum;south_palatial_coast;11561;5569;x
springside;spring_lake;7543;5573;x
tradewatch;itiran_coast;8965;5568;x
weyo;lake_wouwaga;7459;5574;x
sorrolok;aak_coast;7157;5568;x
shinpah;lake_wouwaga;7430;5564;x
kawn;kawn_sea;7013;5562;x
aksew;spring_lake;7561;5557;x
element;itiran_coast;8973;5544;x
aaksi;aak_coast;7299;5540;x
chainag;south_palatial_coast;11588;5498;x
lingahear;monkey_shores;12437;5513;x
ochane;spring_lake;7550;5541;x
moton;harbour_coast;7339;5513;x
valdan;itiran_coast;9003;5522;x
remk;little_wave_sea;7071;5494;x
vienmarat;south_palatial_coast;11528;5483;x
nesao;coast_of_lenatis;9029;5495;x
haan;harbour_coast;7327;5490;x
ganymera;coast_of_lenatis;9046;5470;x
nakham;south_palatial_coast;11609;5453;x
kampung_at;monkey_shores;12441;5429;x
kokpi;harbour_coast;7347;5451;x
raoho;coast_of_lenatis;9048;5434;x
lau;lake_kaneth;8683;5440;x
silium;lake_kaneth;8674;5446;x
vrixia;lake_kaneth;8671;5429;x
sukotab;south_palatial_coast;11521;5427;x
elim_avarice;harbour_coast;7365;5416;x
gilden;lake_kaneth;8694;5424;x
shyril;lake_kaneth;8686;5410;x
agria;coast_of_lenatis;9056;5399;x
tosa;lake_kaneth;8668;5410;x
headen;harbour_coast;7283;5405;x
kampen;little_wave_sea;7217;5400;x
quanglo;south_palatial_coast;11487;5372;x
dawnhill;little_wave_sea;7145;5395;x
shelterpoint;upper_whale_bay;7323;5368;x
ha_giang;monkey_shores;12387;5365;x
bran;upper_whale_bay;7385;5365;x
opontao;bay_of_thel;9038;5366;x
melra;saphire_lake;8298;5367;x
vallreix;saphire_lake;8306;5354;x
nalanos;saphire_lake;8275;5353;x
eastmarsh;bay_of_thel;9014;5330;x
upper_trovan_coast;upper_whale_bay;7413;5321;x
belter;styre_coast;7184;5337;x
celoni;saphire_lake;8258;5328;x
bainth;upper_whale_bay;7283;5328;x
hung_bao;monkey_shores;12348;5325;x
eastshore;saphire_lake;8294;5313;x
trabao;south_palatial_coast;11475;5306;x
waterport;gulf_of_dragons;7784;5335;x
upper_whale_isles;upper_whale_bay;7347;5310;x
brasten;gulf_of_dragons;7746;5324;x
gohan;gulf_of_dragons;7819;5331;x
scepter_isle;gulf_of_dragons;7803;5321;x
cove;upper_whale_bay;7279;5318;x
keel;styre_coast;7218;5309;x
aroxta;saphire_lake;8246;5303;x
thelis;bay_of_thel;8991;5298;x
bhakdawar;gulf_of_dragons;7870;5295;x
forge_habour;gulf_of_dragons;7725;5282;x
shanty_port;lower_whale_bay;7291;5283;x
binh_hoc;south_emean_coast;12287;5290;x
lower_whale_isles;lower_whale_bay;7318;5269;x
bivissa;saphire_lake;8245;5284;x
dian;south_emean_coast;12242;5272;x
uvorra;saphire_lake;8265;5280;x
mastic;bay_of_thel;8998;5276;x
chandipur;gulf_of_dragons;7862;5258;x
elim_fast;lower_whale_bay;7390;5260;x
duinbar;gulf_of_dragons;7702;5265;x
danui;otic_reefs;11465;5232;x
farak;stone_bay;7660;5264;x
movium;bay_of_thel;9014;5256;x
gicabao;south_emean_coast;12186;5225;x
stoneport;stone_bay;7623;5254;x
elvekken;gulf_of_dragons;7723;5253;x
bastahn;lower_sea_of_stars;9564;5226;x
ogre_isle;bay_of_thel;9036;5254;x
seagull_tower;broken_sea;7201;5225;x
waterhold;stone_bay;7663;5223;x
lower_trovan_coast;lower_whale_bay;7379;5217;x
highgull;west_broken_sea;7132;5192;x
south_border;stone_bay;7617;5214;x
hetwal;bagda_sea;7884;5220;x
quidrema;narcetian_coast;9010;5214;x
morana;narcetian_coast;9049;5202;x
east_maroon_isle;lower_whale_bay;7350;5205;x
birdcliffe;lower_sea_of_stars;9377;5200;x
west_maroon_isle;broken_sea;7302;5186;x
loan;capecian_sea;9292;5208;x
ghorama;bagda_sea;7877;5186;x
caldera;broken_sea;7225;5184;x
feltas;stone_bay;7574;5196;x
sobei;south_emean_coast;12141;5202;x
longnoi;otic_reefs;11525;5155;x
amdorra;capecian_sea;9328;5200;x
chi_binh;south_emean_coast;12120;5164;x
luckers_point;broken_sea;7328;5158;x
south_pirec;pirecan_coast;7561;5157;x
talin;narcetian_coast;8976;5183;x
atania;narcetian_coast;8958;5164;x
bharatunj;hammer_coast;7928;5170;x
phin_menh;otic_reefs;11605;5149;x
kavetwanchok;hammer_coast;7963;5157;x
zazara;narcetian_coast;8946;5142;x
argin;coast_of_briiya;8387;5133;x
brassroad;pirecan_coast;7508;5148;x
esar_coast;coast_of_briiya;8345;5136;x
tears_embrace;pirecan_coast;7477;5127;x
phin_cah;south_emean_coast;12042;5107;x
shant;jagged_straight;7337;5132;x
kaross;jagged_straight;7359;5129;x
odd_island;broken_sea;7212;5135;x
volarada;hammer_coast;7954;5108;x
inner_jags;jagged_straight;7393;5117;x
umbrino;sascilian_coast;8904;5117;x
port_oceanus;narcetian_coast;8953;5125;x
dread;jagged_straight;7419;5112;x
vauckland;jagged_straight;7330;5119;x
bestaras;maetian_delta;8303;5117;x
intxau;coast_of_briiya;8430;5116;x
xuye_minh;south_emean_coast;11807;5114;x
thonang;south_emean_coast;11963;5110;x
rattica;cothonian_coast;8475;5103;x
hava;maetian_delta;8283;5105;x
spiceport;jagged_straight;7411;5094;x
yosh;jagged_straight;7382;5094;x
ayriem;cothonian_coast;8680;5105;x
arbor;cothonian_coast;8707;5110;x
beonyma;sascilian_coast;8875;5106;x
kraz;east_broken_sea;7292;5065;x
middle_break;east_broken_sea;7343;5068;x
narsis;cothonian_coast;8731;5098;x
massari;sascilian_coast;8855;5094;x
song_noi;south_emean_coast;11884;5091;x
ejad_isle;narcetian_coast;9039;5092;x
qui_ca;otic_reefs;11649;5078;x
enia;maetian_delta;8257;5094;x
southwater;cothonian_coast;8513;5095;x
ochrum;cothonian_coast;8552;5085;x
puras;cothonian_coast;8648;5087;x
vilizia;sascilian_coast;8776;5093;x
varragone;maetian_delta;8238;5078;x
oltasia;sascilian_coast;8807;5085;x
dien_thao;south_emean_coast;11765;5060;x
myland;cothonian_coast;8598;5077;x
volost;maetian_delta;8146;5081;x
sadal;east_broken_sea;7403;5041;x
hammers_reach;maetian_delta;8102;5068;x
krivara;east_arman_sea;9456;5056;x
elona;maetian_delta;8195;5062;x
buo_phong;otic_reefs;11688;5005;x
dranit;arman_coast;8983;5026;x
ilshaf;arman_coast;9021;5007;x
setmar;arman_coast;9074;5001;x
ouan;lions_mouth;8939;4961;x
fourth_isle_;itholan_coast;8285;4976;x
beres;arman_coast;9114;4968;x
kingfisher_island;otic_reefs;11459;4946;x
koaramet;itholan_coast;8313;4958;x
utohn;matrean_coast;8226;4966;x
pheino;matrean_coast;8183;4965;x
tomia;itholan_coast;8265;4960;x
ashanktis;itholan_coast;8303;4932;x
ake_and_ilu;itholan_coast;8339;4928;x
greenbird_isle;north_bluethorn_sea;7577;4925;x
cifrat;arman_coast;9157;4930;x
ikythos;matrean_coast;8134;4944;x
atcross;ruined_sea;6924;4906;x
dcheskar;lions_mouth;8982;4920;x
natha_poto;aval_reef;8080;4905;x
hankao;north_bluethorn_sea;7658;4893;x
slimkar;lions_mouth;8920;4909;x
martain;lions_mouth;8974;4893;x
midwell;ruined_sea;6904;4882;x
makedama;itholan_coast;8300;4886;x
saftat;south_arman_coast;9186;4875;x
westward_shore;otic_reefs;11132;4859;x
afa_kolo;north_bluethorn_sea;7585;4866;x
delphik;itholan_coast;8294;4855;x
panajach;xitcon_sea;8070;4830;x
azkit;south_arman_coast;9198;4848;x
pitmedeyn;middle_finger_sea;6889;4825;x
guirt;lions_coast;8947;4832;x
upper_pheans;celayphean_sea;8307;4794;x
sonemata;north_bluethorn_sea;7676;4820;x
tria;celayphean_sea;8284;4806;x
kesban;south_arman_coast;9217;4800;x
kato_and_rang;sweltering_sea;10984;4768;x
lifel;lions_coast;8956;4795;x
reef;feteoalan_sea;7726;4787;x
jalqui;xitcon_sea;8069;4780;x
escuino;celayphean_sea;8273;4776;x
afa_hamliku;north_bluethorn_sea;7584;4773;x
havetoka;north_bluethorn_sea;7650;4770;x
azdra;lions_coast;8965;4753;x
halateiho;feteoalan_sea;7699;4761;x
afa_malano;xitcon_sea;7963;4756;x
saadha;south_arman_coast;9225;4761;x
jamo;xitcon_sea;8067;4755;x
quetzago;celayphean_sea;8271;4735;x
arnsbrugh;middle_finger_sea;6872;4717;x
motuptapu;feteoalan_sea;7670;4732;x
lower_pheans;celayphean_sea;8289;4710;x
an_madrin;south_arman_coast;9231;4727;x
wells;sweltering_sea;10992;4684;x
outer_reef_isles;otic_reefs;11250;4688;x
black_wilds;xitcon_sea;8024;4726;x
whitereef;flower_reefs;7520;4709;x
bluethorn;north_bluethorn_sea;7608;4730;x
tafateo;feteoalan_sea;7731;4711;x
tulas;lions_coast;8966;4706;x
unnamed_location_172;southern_letic;15752;4702;x
unnamed_location_181;lagana_straight;15598;4695;x
south_cliffs;otic_reefs;11125;4672;x
cod_isle;thumb_sea;7107;4700;x
nukulau;feteoalan_sea;7840;4716;x
duskshard;widows_straight;7033;4688;x
west_isle;flower_reefs;7579;4689;x
east_isle;south_bluethorn_sea;7630;4679;x
chimtitlo;celayphean_sea;8264;4689;x
unnamed_location_185;southern_letic;15830;4673;x
karwan;south_arman_coast;9243;4687;x
flamon;middle_finger_sea;6763;4681;x
starlight_hill;south_bluethorn_sea;7682;4672;x
trove_coast;adventurers_coast;8000;4661;x
zajj;lions_coast;8974;4664;x
wharftown;thumb_sea;7068;4659;x
longetempe;south_bluethorn_sea;7750;4636;x
unnamed_location_173;southern_letic;15756;4618;x
rockcliffe;middle_finger_sea;6843;4630;x
vaohau;flower_reefs;7494;4649;x
rainshore;south_bluethorn_sea;7628;4656;x
baimmah;south_arman_coast;9244;4646;x
natha_mavii;celayphean_sea;8265;4637;x
unnamed_location_186;southern_letic;15895;4639;x
billen;middle_finger_sea;6985;4624;x
nukulua;south_bluethorn_sea;7697;4639;x
endgate;hand_coast;6744;4621;x
nukum;flower_reefs;7579;4646;x
salaphya;celayphean_sea;8287;4622;x
dhamah;jhistal_coast;8972;4599;x
the_triplets;eastern_spice_gulf;8645;4626;x
tafaiu;flower_reefs;7534;4637;x
unnamed_location_180;lagana_straight;15507;4581;x
adventurers_bay;adventurers_coast;7998;4618;x
gruhsey;thumb_sea;7096;4605;x
afa_makaun;south_bluethorn_sea;7665;4615;x
unnamed_location_184;southern_letic;15759;4580;x
bidal;atwan_sandbanks;9254;4597;x
blight;thumb_sea;7046;4608;x
unnamed_location_187;southern_letic;15921;4594;x
volos;middle_finger_sea;6908;4591;x
tepeque;celayphean_sea;8261;4577;x
onswed;middle_finger_sea;6981;4585;x
vahlulu;south_bluethorn_sea;7685;4595;x
pirates_cove;middle_finger_sea;6814;4579;x
coveport;south_bluethorn_sea;7587;4578;x
shoal;middle_finger_sea;6940;4573;x
south_bay;adventurers_coast;7996;4562;x
safb;atwan_sandbanks;9254;4570;x
blackshore;hand_coast;6728;4550;x
khamra;jhistal_coast;8966;4563;x
unnamed_location_174;southern_letic;15711;4554;x
coral;south_bluethorn_sea;7652;4538;x
cradon;thumb_sea;7105;4549;x
valant;middle_finger_sea;6911;4550;x
rozaba;atwan_sandbanks;9283;4540;x
shelfe;hand_coast;6787;4521;x
unnamed_location_188;southern_letic;15923;4525;x
whangale;cape_of_good_fortune;10180;4552;x
yade;jhistal_coast;8959;4524;x
jutipo;calm_waters;8273;4493;x
cayd;cape_of_good_fortune;10264;4531;x
unnamed_location_183;southern_letic;15772;4523;x
grief;middle_finger_sea;6850;4528;x
ucham;dinar_coast;10093;4533;x
quizato;adventurers_coast;7996;4521;x
stetton;hand_coast;6742;4485;x
nor_urt;thumb_sea;7130;4527;x
vanbu;dinar_coast;10067;4511;x
uve;thumb_sea;7193;4521;x
unnamed_location_178;lagana_straight;15455;4474;x
cayn_coast;cape_of_good_fortune;10331;4495;x
unnamed_location_182;southern_letic;15736;4513;x
hism_daekal;karu_bay;9291;4492;x
dhismir;jhistal_coast;8979;4494;x
bagangovi;sea_of_the_landings;7329;4478;x
bayakhal;thumb_sea;7251;4502;x
zaltenan;adventurers_coast;7970;4469;x
qragos;dinar_coast;10031;4490;x
unnamed_location_189;southern_letic;15923;4469;x
nocturne;hand_coast;6751;4456;x
khard;hand_coast;6795;4474;x
jhistal;jhistal_coast;8966;4464;x
shatir;dinar_coast;9977;4467;x
artesh;karu_bay;9283;4448;x
natha_vagu;calm_waters;8262;4414;x
fonsuka;sea_of_the_landings;7550;4461;x
ulbaan;sea_of_the_landings;7359;4435;x
sheim;sahidan_shores;9896;4451;x
bajdehar;jhistal_coast;8931;4444;x
bravu;sweltering_sea;10560;4441;x
farbus;hand_coast;6704;4432;x
saelon;akavor_coast;10329;4430;x
akapos;sahidan_shores;9859;4420;x
unnamed_location_190;southern_letic;15964;4403;x
hism_alsharq;sahidan_shores;9676;4415;x
serahal;horse_bay;7920;4404;x
jarbun;karu_bay;9375;4415;x
unnamed_location_175;lagana_straight;15676;4399;x
harpys_rest;bahdak_bay;9467;4383;x
jefhar;karu_bay;9272;4392;x
baka_rapi;sahidan_shores;9735;4413;x
jhat;jhistal_coast;8905;4387;x
delat;south_bahdakuri_sea;9554;4405;x
jazar;south_bahdakuri_sea;9603;4410;x
arinah;sahidan_shores;9812;4412;x
unnamed_location_195;lagana_straight;15696;4401;x
antenpe;akavor_coast;10338;4380;x
mahbrin;bahdak_bay;9491;4382;x
haisah;south_bahdakuri_sea;9640;4409;x
unnamed_location_176;lagana_straight;15504;4377;x
darkov;sea_of_the_landings;7424;4402;x
qudsay;karu_bay;9326;4376;x
unnamed_location_194;lagana_straight;15670;4338;x
tain_on_the_wes;hand_coast;6694;4359;x
koyten;horse_bay;7869;4367;x
unnamed_location_177;lagana_straight;15615;4354;x
govisum;sea_of_the_landings;7573;4376;x
unnamed_location_244;north_perlean_sea;15092;4328;x
ohtor;han_sea;7073;4340;x
borom;han_sea;7132;4355;x
khentol;sea_of_the_landings;7497;4367;x
mahal;east_sugar_coast;8280;4328;x
tadqan;bahdak_bay;9438;4355;x
yemenkaru;karu_bay;9289;4357;x
atash;west_sugar_coast;8843;4323;x
malenkaru;karu_bay;9307;4358;x
duqala;bahdak_bay;9510;4341;x
north_antil;akavor_coast;10321;4321;x
ulimod;horse_bay;7654;4336;x
mandkhorin;han_sea;7236;4325;x
deydi;horse_bay;7821;4346;x
haidun_cliffs;horse_bay;7757;4333;x
atal;bahdak_bay;9429;4329;x
unnamed_location_191;perlean_coast;15939;4255;x
kingcley;north_green_sea;6706;4303;x
sukhdaan;horse_bay;7694;4330;x
sayad;sweltering_sea;11049;4308;x
bidca;bahdak_bay;9525;4300;x
govdan;han_sea;7307;4315;x
eshurbi;bahdak_bay;9423;4298;x
ban_balqoto;han_sea;7081;4264;x
daham;han_sea;7324;4290;x
ashabat;east_sugar_coast;8310;4269;x
an_mostar;west_sugar_coast;8809;4293;x
longshore_isle;sweltering_sea;10915;4266;x
south_antil;akavor_coast;10305;4245;x
tagol;bahdak_bay;9429;4255;x
nanton;handan_coast;6786;4265;x
basjah;west_sugar_coast;8757;4259;x
masis_khas;bahdak_bay;9532;4259;x
unnamed_location_193;lagana_straight;15724;4234;x
unnamed_location_243;north_perlean_sea;14960;4198;x
bayados;han_sea;7319;4233;x
babith;east_sugar_coast;8362;4245;x
saiwi;bahdak_bay;9542;4223;x
hism_ghar;east_sugar_coast;8429;4239;x
khom;handan_coast;6838;4211;x
lorvos;sweltering_sea;11013;4192;x
hadran;west_sugar_coast;8696;4232;x
unnamed_location_245;lagana_straight;15238;4204;x
agayib;bahdak_bay;9422;4206;x
baija;east_sugar_coast;8483;4210;x
dadorn;akavor_coast;10277;4201;x
halaqim;west_sugar_coast;8635;4211;x
korya;han_sea;7077;4195;x
unnamed_location_192;perlean_coast;15854;4172;x
an_sharyil;east_sugar_coast;8527;4200;x
prelash;han_sea;7302;4175;x
qaim;west_sugar_coast;8590;4197;x
rustas;bahdak_bay;9538;4177;x
unnamed_location_247;lagana_straight;15423;4169;x
unnamed_location_246;lagana_straight;15325;4176;x
lheyse;han_sea;7125;4171;x
qalar;bahdak_bay;9422;4168;x
darkhatar;handan_coast;6876;4143;x
ghaz;upper_hran_coast;10250;4144;x
ratkaresh;bahdak_bay;9492;4168;x
unnamed_location_249;lagana_straight;15564;4141;x
mudhra;bahdak_bay;9449;4156;x
doth_khasul;han_sea;7169;4136;x
hygor;north_astrean_sea;11814;4075;x
khaleesh_predan;han_sea;7274;4118;x
takh;upper_hran_coast;10200;4101;x
kukaatar;han_sea;7214;4114;x
erdaat;handan_coast;6932;4077;x
unnamed_location_242;north_perlean_sea;15002;4095;x
north_liss;upper_hran_coast;10325;4056;x
bahakot;astrean_coast;11522;4050;x
joliput;north_astrean_sea;11619;4090;x
west_liss;upper_hran_coast;10223;4065;x
unnamed_location_250;lagana_straight;15718;4029;x
nangar;upper_hran_coast;10182;4058;x
unnamed_location_241;north_perlean_sea;14888;4007;x
jhanput;north_astrean_sea;11697;4033;x
terat;upper_hran_coast;10161;4020;x
selegon;handan_coast;6966;4013;x
sialput;astrean_coast;11625;4012;x
unnamed_location_198;perlean_coast;16182;4009;x
kaliss;upper_hran_coast;10263;4003;x
ban_altu;handan_coast;6972;3975;x
shad;upper_hran_coast;10146;3981;x
faisa;astrean_coast;11685;3967;x
farbul;lower_hran_coast;10144;3927;x
sharkhol;grey_sea;7046;3917;x
unnamed_location_251;perlean_coast;15852;3882;x
unnamed_location_239;north_perlean_sea;14759;3939;x
unnamed_location_211;pearl_bay;15483;3926;x
unnamed_location_210;pearl_bay;15519;3900;x
altanchun;handan_coast;6851;3912;x
unnamed_location_212;pearl_bay;15403;3891;x
minfiz;north_astrean_sea;12082;3926;x
thattalput;north_astrean_sea;11951;3905;x
kaapo;north_astrean_sea;12171;3895;x
aleik;lower_hran_coast;10114;3878;x
astebe;southern_still_sea;12344;3887;x
angai;grey_sea;7107;3864;x
kaipina;north_astrean_sea;12254;3887;x
charsak;north_astrean_sea;11912;3882;x
entli_isles;grey_sea;6850;3839;x
unnamed_location_213;pearl_bay;15311;3869;x
unnamed_location_208;pearl_bay;15641;3883;x
unnamed_location_214;pearl_bay;15227;3822;x
dorkhaat;grey_sea;6899;3865;x
jeritomo;southern_still_sea;12405;3878;x
unnamed_location_207;pearl_bay;15717;3831;x
unnamed_location_209;pearl_bay;15600;3850;x
mitarah;lower_hran_coast;10229;3855;x
barshan;lower_hran_coast;10085;3843;x
juiro;southern_still_sea;12475;3862;x
unnamed_location_235;west_perlean_sea;14594;3773;x
balput;north_astrean_sea;11912;3850;x
unnamed_location_216;pearl_bay;15009;3795;x
unnamed_location_217;pearl_bay;14981;3807;x
unnamed_location_199;perlean_coast;16224;3806;x
kaijara;southern_still_sea;12526;3829;x
unnamed_location_215;pearl_bay;15107;3799;x
atacaz;southern_still_sea;12599;3817;x
glitan;grey_sea;7141;3783;x
andahar;lower_hran_coast;10073;3785;x
unnamed_location_206;perlean_coast;15899;3728;x
khukot;astrean_coast;11870;3763;x
waitiri;southern_still_sea;12684;3782;x
north_spice_banks;astrean_coast;10979;3654;x
jascay;southern_still_sea;12770;3727;x
unnamed_location_218;pearl_bay;14930;3755;x
north_zilah;lower_hran_coast;10062;3741;x
unnamed_location_220;pearl_bay;14924;3685;x
diddidin;western_coast;7218;3683;x
mirshera;astrean_coast;11862;3655;x
south_zilah;fayu_coast;10046;3674;x
unnamed_location_234;west_perlean_sea;14654;3642;x
unnamed_location_205;perlean_coast;15835;3573;x
unnamed_location_200;perlean_coast;16223;3632;x
temino;astrean_sea;12765;3625;x
amila;fayu_coast;10001;3613;x
korrewaling;western_coast;7246;3618;x
sasuput;astrean_coast;11894;3612;x
natjeri;astrean_sea;12728;3596;x
dune;dune_lake;9528;3609;x
unnamed_location_221;pearl_bay;15000;3543;x
balabagee;western_coast;7272;3570;x
southrock;dune_lake;9530;3586;x
nuzhain;fayu_coast;9953;3574;x
west_spice_island;spice_banks;10697;3530;x
bhadhral;astrean_coast;11856;3571;x
unnamed_location_233;west_perlean_sea;14767;3530;x
potikama;astrean_sea;12746;3544;x
east_spice_island;astrean_coast;10872;3476;x
unnamed_location_204;pearl_bay;15680;3487;x
halarah;fayu_coast;9947;3524;x
quenakerup;western_coast;7309;3523;x
pajshrit;astrean_coast;11048;3489;x
tajput;astrean_coast;11817;3532;x
bird_islands;fayu_coast;10036;3501;x
unnamed_location_223;pearl_bay;15218;3467;x
towmi;western_coast;7344;3475;x
abbotopul;astrean_coast;11666;3504;x
mulwar;astrean_coast;11747;3507;x
sarput;astrean_coast;11567;3485;x
urube;astrean_sea;12747;3457;x
mudham;fayu_coast;9921;3479;x
unnamed_location_222;pearl_bay;15083;3476;x
sheikan;astrean_coast;11550;3468;x
buqala;fayu_coast;9901;3449;x
unnamed_location_232;south_perlean_sea;14838;3419;x
raput;astrean_coast;11455;3429;x
unnamed_location_201;perlean_coast;15970;3413;x
goondijni;western_coast;7363;3427;x
kharreb;fayu_coast;9887;3413;x
ralon;astrean_sea;12706;3367;x
tarawanthin;tremor_coast;7404;3374;x
unnamed_location_224;pearl_bay;15259;3387;x
unnamed_location_203;pearl_bay;15584;3356;x
unnamed_location_225;pearl_bay;15346;3342;x
unnamed_location_231;south_perlean_sea;14867;3319;x
elveli;spiced_waters;9849;3353;x
kanotabad;waters_head;11442;3300;x
edremar;tremor_coast;7468;3347;x
mazor;tremor_coast;7509;3316;x
unnamed_location_281;west_atic_pass;2471;3330;x
hydermam;spiced_waters;9810;3297;x
unnamed_location_282;west_atic_pass;2661;3324;x
askon;astrean_sea;12655;3300;x
unnamed_location_202;south_perlean_sea;15616;3280;x
unnamed_location_283;east_atic_pass;2850;3276;x
vomar;tremor_coast;7557;3292;x
athek;astrean_sea;13055;3284;x
lonumu;astrean_sea;13133;3263;x
tridelon;astrean_sea;12591;3244;x
unnamed_location_228;south_perlean_sea;15509;3190;x
jotri;waters_head;11534;3259;x
unnamed_location_280;west_atic_pass;2254;3270;x
shard;tremor_coast;7415;3270;x
virile;tremor_coast;7595;3253;x
unnamed_location_278;fourth_sea;2052;3119;x
unnamed_location_230;south_perlean_sea;14897;3247;x
karvadja;north_char_coast;9765;3255;x
blackgate;tremor_coast;7489;3252;x
mashkan;astrean_sea;12394;3236;x
atonis;astrean_sea;12472;3228;x
qunta;astrean_sea;12978;3246;x
unnamed_location_279;fourth_sea;1918;3178;x
mgondi;astrean_sea;12930;3221;x
unnamed_location_226;south_perlean_sea;15137;3215;x
unnamed_location_229;south_perlean_sea;15298;3199;x
nizwad;north_char_coast;9748;3219;x
chodni;waters_head;11608;3203;x
isle_of_wind;waters_head;11550;3200;x
asmar;tremor_coast;7395;3206;x
mgozi;astrean_sea;12917;3191;x
ko_shamu;astrean_sea;12313;3189;x
unnamed_location_290;shallow_sea;3643;3226;x
hatmar;tremor_coast;7596;3210;x
hittas;astrean_sea;12290;3189;x
andonka;astrean_sea;13167;3207;x
tremor;tremor_coast;7517;3205;x
unnamed_location_289;shallow_sea;3462;3216;x
unnamed_location_284;east_atic_pass;2878;3203;x
sephir;tremor_coast;7339;3199;x
unnamed_location_288;east_atic_pass;3330;3200;x
unnamed_location_227;south_perlean_sea;14955;3154;x
unnamed_location_285;east_atic_pass;3028;3207;x
unnamed_location_287;east_atic_pass;3209;3207;x
thakawini;astrean_sea;13142;3193;x
kwama;astrean_sea;13189;3183;x
sarapur;north_char_coast;9718;3181;x
wrath;gulf_of_akal;7542;3148;x
marvek;tremor_coast;7312;3162;x
ulung;astrean_sea;12918;3136;x
vaunt;tremor_coast;7398;3161;x
oceans_rise;longfairn_islands;6499;3134;x
vice;gulf_of_akal;7614;3141;x
aba_pradja;north_char_coast;9687;3146;x
jar_nav_blz;waters_head;11670;3125;x
karlip;astrean_sea;12288;3157;x
tumlib;astrean_sea;12264;3106;x
udrmar;tremor_coast;7403;3126;x
unnamed_location_277;fourth_sea;2120;3101;x
unnamed_location_275;fourth_sea;1916;3127;x
empagolata;astrean_sea;13201;3100;x
zangh;spice_banks;10197;3118;x
bhagal;north_char_coast;9646;3112;x
throne;gulf_of_akal;7531;3091;x
grimhold;gulf_of_akal;7638;3087;x
gratuk;waters_head;11759;3088;x
trist;tremor_coast;7421;3088;x
ikhanango;astrean_sea;12970;3091;x
purge;gulf_of_akal;7693;3095;x
abwamu;astrean_sea;13027;3075;x
brugai;gulf_of_akal;7732;3081;x
okojen;north_char_coast;9604;3074;x
lundlilu;astrean_sea;13102;3071;x
reef_islands;longfairn_islands;6557;2973;x
unnamed_location_276;fourth_sea;2043;3064;x
durshnunna;rainbow_reefs;11945;3044;x
eylon;rainbow_reefs;11917;3074;x
ember_point;dremor_sea;7446;3043;x
solice;gulf_of_akal;7754;3050;x
malspa;rainbow_reefs;11811;3021;x
gunkulam;north_char_coast;9585;3048;x
unnamed_location_274;fourth_sea;1905;3031;x
rule;gulf_of_akal;7505;3052;x
seriwan;gulf_of_akal;7791;3048;x
agium;rainbow_reefs;11878;3008;x
longfin;longfairn_islands;6473;3006;x
unnamed_location_255;east_aten_coast;4255;2994;x
senile;gulf_of_akal;7790;3015;x
an;rainbow_reefs;12153;2991;x
unnamed_location_291;east_aten_coast;3703;2998;x
sasum;rainbow_reefs;12009;3012;x
unnamed_location_258;east_aten_coast;4006;2970;x
mojen;south_char_coast;9555;2992;x
unnamed_location_254;southwestern_lure;4484;2988;x
hayaan;gulf_of_akal;7812;2980;x
aba_ersul;lake_pun;9426;2972;x
new_moon;lake_pun;9450;2983;x
lonji;south_char_coast;9521;2964;x
vijyay;south_char_coast;9479;2947;x
tobwiya;gulf_of_akal;7839;2954;x
unnamed_location_253;southwestern_lure;4712;2919;x
myre;lake_pun;9414;2950;x
wake;south_char_coast;9441;2925;x
wahabi;gulf_of_akal;7819;2898;x
unnamed_location_273;unknown_depths;1983;2886;x
unnamed_location_314;south_spire_coast;2378;2901;x
unnamed_location_317;south_spire_coast;2452;2909;x
unnamed_location_292;east_aten_coast;3733;2885;x
redcrab_isle;redcrab_sea;9686;2880;x
bemeka;south_char_coast;9407;2905;x
unnamed_location_257;east_aten_coast;4037;2880;x
kaphna;south_char_coast;9370;2895;x
unnamed_location_300;south_spire_coast;2446;2893;x
unnamed_location_256;east_aten_coast;4171;2866;x
unnamed_location_299;south_spire_coast;2512;2887;x
qohojass;moon_bay;9305;2883;x
raihi;moon_bay;9189;2876;x
urad_karpat;moon_bay;9259;2858;x
usgeli;moon_bay;9209;2860;x
lojass;moon_bay;9172;2867;x
esharr;bay_of_fuad;7893;2850;x
khali;moon_bay;9145;2855;x
gharslat;bay_of_fuad;7937;2854;x
unnamed_location_259;gonlar_straight;3723;2776;x
bidhanlly;moon_bay;9104;2844;x
unnamed_location_262;gonlar_straight;3302;2834;x
juman;bay_of_fuad;7971;2819;x
dro_ega;whale_banks;8892;2828;x
kalum;rainbow_reefs;12152;2826;x
whaleport;whale_banks;8833;2814;x
unnamed_location_272;unknown_depths;2067;2790;x
unnamed_location_252;southwestern_lure;4784;2790;x
unnamed_location_261;gonlar_straight;3439;2780;x
elot;rainbow_reefs;12089;2758;x
nerborsippa;rainbow_reefs;12217;2772;x
gkuzu;whale_banks;8774;2802;x
bayya;bay_of_fuad;8002;2797;x
unnamed_location_263;gonlar_straight;3205;2750;x
unnamed_location_269;null_sea;2498;2756;x
unnamed_location_268;null_sea;2615;2786;x
shathra;blacksand_gulf;8734;2780;x
unnamed_location_267;null_sea;2689;2762;x
bayd;bay_of_fuad;8019;2773;x
unnamed_location_271;unknown_depths;2204;2706;x
unnamed_location_260;gonlar_straight;3603;2751;x
bildral;blacksand_gulf;8696;2747;x
fuad;bay_of_fuad;8030;2752;x
unnamed_location_265;null_sea;2870;2746;x
unnamed_location_266;null_sea;2754;2700;x
unnamed_location_264;null_sea;2997;2732;x
zuwar;bay_of_fuad;8027;2729;x
ushbukh;blacksand_gulf;8675;2700;x
shirat;bay_of_fuad;8032;2692;x
treasure_isle;rainbow_reefs;12268;2667;x
sugarmoon_island;slavers_bay;9073;2679;x
unnamed_location_270;unknown_depths;2342;2655;x
lilac;blacksand_gulf;8675;2659;x
ulat;bay_of_fuad;8050;2647;x
ashar;ashar_sea;7522;2623;x
upper_aym;rainbow_reefs;12102;2608;x
anasr;blacksand_gulf;8670;2618;x
salt_cliffs;waters_head;11253;2613;x
casiin;bay_of_fuad;8049;2604;x
dread_isle;slavers_bay;8962;2607;x
qatul;blacksand_gulf;8664;2578;x
lashak;waters_head;11333;2589;x
lower_aym;rainbow_reefs;12139;2532;x
karuk;rainbow_reefs;11197;2525;x
tawezuk;bay_of_fuad;8044;2568;x
isidu;rainbow_reefs;11267;2543;x
utoriha;blacksand_gulf;8683;2534;x
ydanat;bay_of_fuad;8049;2535;x
qar;bay_of_fuad;8047;2483;x
verile;blacksand_gulf;8686;2493;x
pi_assmenehet;theban_coast;9350;2469;x
aghuwar;slavers_shore;8726;2463;x
wephrehamun;hyet_cape;9430;2461;x
neyb;theban_coast;9279;2457;x
hamawa;bay_of_fuad;8012;2445;x
theban;theban_coast;9191;2437;x
djawaret;hyet_cape;9475;2424;x
barkanash;slavers_shore;8772;2438;x
heshdarat;bay_of_fuad;7962;2439;x
hatelur;salt_sea;11014;2392;x
teles;catul_sea;7897;2423;x
larzi;rainbow_reefs;11104;2425;x
qivat_elom;catul_sea;7845;2404;x
despots_gate;slavers_shore;8807;2418;x
nekhedet;theban_coast;9112;2406;x
aghanim;slavers_shore;8851;2397;x
lijilah;slavers_shore;9021;2393;x
iwanw;hyet_cape;9526;2373;x
smarya;slavers_shore;8957;2383;x
kashupu;rainbow_reefs;11136;2339;x
lis;catul_sea;7790;2370;x
shade;slavers_shore;8898;2380;x
ish;rainbow_reefs;11065;2326;x
zefat;catul_sea;7755;2341;x
amu_timon;coast_of_ak;9576;2323;x
udana;catul_sea;7701;2316;x
amu_rabak;coast_of_ak;9600;2310;x
huthis;coast_of_ak;9634;2303;x
qivat_tuvo;catul_sea;7666;2272;x
fudul;rainbow_reefs;11161;2278;x
ptkhatum;coast_of_ak;9685;2282;x
lagadu;salt_sea;10976;2244;x
aken;coast_of_ak;9731;2254;x
hibashul;rainbow_reefs;11163;2182;x
urul;salt_sea;10988;2193;x
der_khasjet;coast_of_ak;9767;2213;x
umush;rainbow_reefs;11225;2205;x
kipu;rainbow_reefs;11102;2177;x
fanetset;marsh_banks;9787;2158;x
jopu;salt_sea;11004;2134;x
kuaruk;rainbow_reefs;11099;2111;x
menheka;marsh_banks;9773;2116;x
medpotjer;marsh_banks;9757;2070;x
#FROM HERE NONE OPTIMAL PORT SELECTION;!!!!!!!;!!!!!!!;!!!!!!!!;!!!!!!!!!!
malbourn;scraw_lake;7326;6895;x